 { "mean":[2090.0450424782453,
 3.625599277845053,
 1.8589154393760223,
 2.9359627491185543,
 432.0375391145055,
 35.23508074725518,
 0.575195464192044],
  "std":[2489.7298631304698,
  0.4352016960909495,
  1.977319039417758,
  7.146737126392941,
  341.02590198605566,
  7.124069024183226,
  0.36738313363848557]
}
